block_id,index,hash,time,failed,type,sender,recipient,call_count,value,value_usd,internal_value,internal_value_usd,fee,fee_usd,gas_used,gas_limit,gas_price,nonce,Date & Time
19849671,222,0x9d7dac7e2ad83b48289dd984b47c2d566a4b1383b503e656a4baedba4b59b719,2024-05-11 22:07:47,False,call,0xd4cc87b8120e45fd6932d577237328d1ce2e21a6,0xde0b295669a9fd93d5f28d9ec85e40f4cb697bae,1,0,0.0,0,0.0,71141322232341,0.2070240440224989,23913,35869,2975006157,8,2024-05-11 22:07:47
19845070,94,0x88b9bb5ee0de9736b79e9cfaa506b943fd1e93f96659f58e9f2b160e4afae726,2024-05-11 06:41:47,False,call,0xeb8aa1b8c5eb3f9805abc84231e7dc0bf3671428,0xde0b295669a9fd93d5f28d9ec85e40f4cb697bae,1,45550000000000,0.13255229041748048,45550000000000,0.13255229041748048,100219789344136,0.29164352629469065,22484,34228,4457382554,0,2024-05-11 06:41:47
19839816,91,0x16721b93c83e0a3452954cc3f323f4870d1f35e9d5c5eb858f9ad84db98cbf3a,2024-05-10 13:04:59,False,call_tree,0x9427d34a77d179db2ad4632d7f6f1b74e36f84e8,0x3fc91a3afd70395cd496c647d5a6cc9d4b2b7fad,52,0,0.0,218122613748323579,662.3690963324353,3063986427291902,9.304353575012183,468659,705625,6537773578,4,2024-05-10 13:04:59
19832866,176,0xe48f956343a3ebe1c7fa5e778741a66fff6e4b4139aca45932fa8e69da16af4c,2024-05-09 13:44:11,False,call_tree,0x3083893e1db6209722d1322eb848dc2559189015,0x3328f7f4a1d1c57c35df56bbf0c9dcafca309c49,49,0,0.0,156809239776265395,466.35791467722413,4297180379038510,12.780012730241856,439535,821328,9776651186,422,2024-05-09 13:44:11
19832601,133,0x055553f41e1410c634b1aa677f3430e449c6efc150937a26111b2ea8a256a57f,2024-05-09 12:51:11,False,call_tree,0xde500bb4ed23cc217dd98c2ce4100d797033dd01,0x3fc91a3afd70395cd496c647d5a6cc9d4b2b7fad,52,0,0.0,120238871379882017,357.59595161527943,1871565204896730,5.566121278206469,455283,687176,4110773310,848,2024-05-09 12:51:11
19824109,62,0x5ca18e3bc02ff142146bc5a562c690f75ea21189cee08ca819cfad6ba481d5c3,2024-05-08 08:19:47,False,call_tree,0x5ed8cee6b63b1c6afce3ad7c92f4fd7e1b8fad9f,0xde0b295669a9fd93d5f28d9ec85e40f4cb697bae,3,0,0.0,1000000000000000000000,3002630.37109375,262287276854664,0.7875517434352769,55896,85052,4692415859,843,2024-05-08 08:19:47
19824109,62,0x5ca18e3bc02ff142146bc5a562c690f75ea21189cee08ca819cfad6ba481d5c3,2024-05-08 08:19:47,False,call_tree,0x5ed8cee6b63b1c6afce3ad7c92f4fd7e1b8fad9f,0xde0b295669a9fd93d5f28d9ec85e40f4cb697bae,3,0,0.0,1000000000000000000000,3002630.37109375,262287276854664,0.7875517434352769,55896,85052,4692415859,843,2024-05-08 08:19:47
19790504,139,0xdd4960dd0b5718a2b3d6285b3c853f35b340608b0dca838600851aa2ac3417de,2024-05-03 15:33:11,False,call,0xe63e1268fa9897a8a690ccdb37c9391675176b00,0xde0b295669a9fd93d5f28d9ec85e40f4cb697bae,1,0,0.0,0,0.0,353960677626192,1.05746383278946,24308,24647,14561489124,2,2024-05-03 15:33:11
19773414,193,0xf0a19febb5e2494ec3354fb6d37324e964a3aa9a7664e79f036fe6d8de22b74c,2024-05-01 06:13:11,True,call,0xdfacf724bada1100c6ef4e8379b4a0f9a89842cc,0xde0b295669a9fd93d5f28d9ec85e40f4cb697bae,1,30400000,9.16547828125e-08,30400000,9.16547828125e-08,105000000000000,0.3165707958984375,21000,21000,5000000000,6,2024-05-01 06:13:11
19764633,92,0x60a94d00be220823a8f210ec92a264b0eeb2f2da7aa4dca142248b4c48c83db5,2024-04-30 00:46:59,False,call,0x37f6c568c7f76ef171d5a31e29b9407a0ca05498,0xde0b295669a9fd93d5f28d9ec85e40f4cb697bae,1,0,0.0,0,0.0,142927185834240,0.4598104005127494,24320,50000,5876940207,52,2024-04-30 00:46:59
